{
  "death": {
    "category": "voice",
    "sounds": [
      "samsara:death"
    ]
  },
  "death.short": {
    "category": "voice",
    "sounds": [
      "samsara:death_short"
    ]
  },
  "genesis.birth": {
    "category": "voice",
    "sounds": [
      "samsara:genesis_birth"
    ]
  },
  "genesis.emergence": {
    "category": "voice",
    "sounds": [
      "samsara:genesis_emergence"
    ]
  },
  "genesis.inception": {
    "category": "voice",
    "sounds": [
      "samsara:genesis_inception"
    ]
  },
  "genesis.inception2": {
    "category": "voice",
    "sounds": [
      "samsara:genesis_inception2"
    ]
  },
  "life.adulthood": {
    "category": "voice",
    "sounds": [
      "samsara:life_adulthood"
    ]
  },
  "life.elder": {
    "category": "voice",
    "sounds": [
      "samsara:life_elder"
    ]
  },
  "life": {
    "category": "voice",
    "sounds": [
      "samsara:life"
    ]
  },
  "life2": {
    "category": "voice",
    "sounds": [
      "samsara:life2"
    ]
  },
  "life.infancy": {
    "category": "voice",
    "sounds": [
      "samsara:life_infancy"
    ]
  },
  "life.infancy2": {
    "category": "voice",
    "sounds": [
      "samsara:life_infancy2"
    ]
  },
  "regeneration": {
    "category": "voice",
    "sounds": [
      "samsara:regeneration"
    ]
  }
}